recall,precision,f1_score
0.8865546218487395,0.14281846487071884,0.2460067622711904
