F1 Score,Precision,Recall,Best Threshold
0.32117098005939754,0.20005285412262155,0.8139784946236559,0.5068925
