recall,precision,f1_score
0.8329938900203666,0.2789904502046385,0.4179867143587123
