F1 Score,Precision,Recall,Best Threshold
0.30297029702970296,0.2001308044473512,0.6232179226069247,0.34380555
