F1 Score,Precision,Recall,Best Threshold
0.31875640587632387,0.20004288164665524,0.7840336134453781,0.8060404
