recall,precision,f1_score
0.7925233644859813,0.20066256507335542,0.3202416918429003
