F1 Score,Precision,Recall,Best Threshold
0.32974910394265233,0.20087336244541484,0.92,0.34395388
