F1 Score,Precision,Recall,Best Threshold
0.310962901208837,0.20010729613733905,0.697196261682243,0.45400795
