F1 Score,Precision,Recall,Best Threshold
0.330188679245283,0.20028612303290416,0.9395973154362416,0.63456666
