F1 Score,Precision,Recall,Best Threshold
0.32091934454139176,0.2000530644733351,0.810752688172043,0.7101017
