recall,precision,f1_score
0.8242990654205608,0.2358288770053476,0.36673596673596676
