F1 Score,Precision,Recall,Best Threshold
0.31727256914245955,0.20004386926957665,0.7663865546218488,0.45208704
