recall,precision,f1_score
0.8168224299065421,0.23879781420765028,0.36955602536997884
