recall,precision,f1_score
0.8494623655913979,0.29324424647364516,0.4359823399558499
