F1 Score,Precision,Recall,Best Threshold
0.3333333333333333,0.2037037037037037,0.9166666666666666,0.21501781
