F1 Score,Precision,Recall,Best Threshold
0.32786885245901637,0.20408163265306123,0.8333333333333334,0.13810535
