F1 Score,Precision,Recall,Best Threshold
0.21818181818181817,0.20689655172413793,0.23076923076923078,0.66622484
