F1 Score,Precision,Recall,Best Threshold
0.3076923076923077,0.20408163265306123,0.625,0.53196764
