F1 Score,Precision,Recall,Best Threshold
0.2727272727272727,0.20689655172413793,0.4,0.5667061
