F1 Score,Precision,Recall,Best Threshold
0.32653061224489793,0.20512820512820512,0.8,0.17105639
