F1 Score,Precision,Recall,Best Threshold
0.24242424242424243,0.21052631578947367,0.2857142857142857,0.74404395
