F1 Score,Precision,Recall,Best Threshold
0.24242424242424243,0.20512820512820512,0.2962962962962963,0.5330292
