F1 Score,Precision,Recall,Best Threshold
0.25,0.20454545454545456,0.32142857142857145,0.7637255
