F1 Score,Precision,Recall,Best Threshold
0.3111111111111111,0.20588235294117646,0.6363636363636364,0.20075303
