F1 Score,Precision,Recall,Best Threshold
0.3055555555555556,0.2037037037037037,0.6111111111111112,0.55027926
