F1 Score,Precision,Recall,Best Threshold
0.29411764705882354,0.20408163265306123,0.5263157894736842,0.5909462
