F1 Score,Precision,Recall,Best Threshold
0.25,0.20512820512820512,0.32,0.59563607
