F1 Score,Precision,Recall,Best Threshold
0.2641509433962264,0.20588235294117646,0.3684210526315789,0.4482452
