F1 Score,Precision,Recall,Best Threshold
0.3142857142857143,0.2037037037037037,0.6875,0.42604452
