F1 Score,Precision,Recall,Best Threshold
0.27586206896551724,0.20512820512820512,0.42105263157894735,0.68890494
