F1 Score,Precision,Recall,Best Threshold
0.30303030303030304,0.20408163265306123,0.5882352941176471,0.5468224
