F1 Score,Precision,Recall,Best Threshold
0.2597402597402597,0.20408163265306123,0.35714285714285715,0.52977955
