recall,precision,f1_score
0.8773109243697479,0.11662198391420911,0.20587655294813645
