recall,precision,f1_score
0.8806026365348399,0.20604565083281925,0.33395229252963865
