F1 Score,Precision,Recall,Best Threshold
0.3183023872679045,0.2003338898163606,0.7741935483870968,0.7360065
