F1 Score,Precision,Recall,Best Threshold
0.324455205811138,0.20059880239520958,0.8481012658227848,0.90110695
