F1 Score,Precision,Recall,Best Threshold
0.31098430813124106,0.20036764705882354,0.6942675159235668,0.72677684
