F1 Score,Precision,Recall,Best Threshold
0.3167785234899329,0.200339558573854,0.7564102564102564,0.5934024
