F1 Score,Precision,Recall,Best Threshold
0.31504424778761064,0.20045045045045046,0.7355371900826446,0.79319084
