F1 Score,Precision,Recall,Best Threshold
0.3020063357972545,0.20028011204481794,0.6137339055793991,0.7087171
