F1 Score,Precision,Recall,Best Threshold
0.31724137931034485,0.20043572984749455,0.7603305785123967,0.8517578
