F1 Score,Precision,Recall,Best Threshold
0.30505050505050507,0.2002652519893899,0.6398305084745762,0.74594116
