F1 Score,Precision,Recall,Best Threshold
0.31932773109243695,0.20042194092827004,0.7851239669421488,0.7578354
