F1 Score,Precision,Recall,Best Threshold
0.3253588516746411,0.20058997050147492,0.8607594936708861,0.7894093
