F1 Score,Precision,Recall,Best Threshold
0.301255230125523,0.20027816411682892,0.6075949367088608,0.75204575
