F1 Score,Precision,Recall,Best Threshold
0.3106060606060606,0.20048899755501223,0.6890756302521008,0.8755435
