F1 Score,Precision,Recall,Best Threshold
0.3170731707317073,0.20034246575342465,0.7597402597402597,0.622915
