F1 Score,Precision,Recall,Best Threshold
0.30168776371308015,0.20028011204481794,0.6111111111111112,0.6815604
