F1 Score,Precision,Recall,Best Threshold
0.3023983315954119,0.20027624309392264,0.6170212765957447,0.69019985
