F1 Score,Precision,Recall,Best Threshold
0.3148479427549195,0.20045558086560364,0.7333333333333333,0.7219355
