F1 Score,Precision,Recall,Best Threshold
0.3096960926193922,0.20037453183520598,0.6815286624203821,0.77089036
