F1 Score,Precision,Recall,Best Threshold
0.3235294117647059,0.2006079027355623,0.8354430379746836,0.848407
