F1 Score,Precision,Recall,Best Threshold
0.31958762886597936,0.20064724919093851,0.7848101265822784,0.88966066
