F1 Score,Precision,Recall,Best Threshold
0.32524271844660196,0.20059880239520958,0.8589743589743589,0.8412322
