F1 Score,Precision,Recall,Best Threshold
0.32584970377299655,0.20003828483920366,0.8781512605042017,0.68583
