recall,precision,f1_score
0.8512605042016806,0.17195722288236293,0.2861177799745799
