recall,precision,f1_score
0.789247311827957,0.29561014901329036,0.4301201289188397
