recall,precision,f1_score
0.8473118279569892,0.2788393489030432,0.41959531416400425
