F1 Score,Precision,Recall,Best Threshold
0.3140096618357488,0.20010261672652643,0.7289719626168224,0.83934647
