F1 Score,Precision,Recall,Best Threshold
0.3204112229599486,0.20005349023803157,0.8043010752688172,0.43524775
