F1 Score,Precision,Recall,Best Threshold
0.3182861514919663,0.2000962000962001,0.7775700934579439,0.8387785
